name,yob,gender
abderrazak_chebbi,1955,M
ahmad_chrif,1979,M
aicha_ben_ahmed,1989,F
akram_marzoughi,,M
ala,,M
alaa_chebbi,1963,M
amel_mathlouthi,1982,F
artmasta,1987,M
aymen_abdennour,1989,M
azza_slimen,2000,F
balti,1980,M
bassem_hamrawi,1988,M
baya_zardi,1965,F
borhen_bsayes,,M
boubakkar_akacha,,M
chirine_lajmi,1995,F
dalila_meftahi,1960,F
dali_taliani,1980,M
dhafer_elabidin,1972,M
dorra_zarrouk,1980,F
emna_fakher,1987,F
fadhel_jaziri,1948,M
fakhreddine_ben_youssef,1991,M
farah_ben_rjab,1976,F
fawzi_benzarti,1950,M
feriel_youssef,1980,F
ferjeni_sessi,1992,M
ghali,1993,M
habiba_ghribi,1984,F
hamdi_harbawi,1985,M
hassen_eddos,1985,M
hedi_habbouba,1949,M
hend_sabri,1979,F
hichem_rostom,1947,M
ines_boubakri,1988,F
issam_barhoumi,1978,M
issam_chawali,1970,M
issam_jemaa,1984,M
jaafar_guesmi,1974,M
k2rhym,1980,M
kais_said,1958,M
karim_gharbi,1990,M
karim_hagui,1984,M
khalil_chamem,1987,M
khawla_slimeni,1985,F
klay_bbj,1989,M
lamin_nahdi,1950,M
lobna_sdiri,1982,F
lotfi_abdelli,1970,M
lotfi_bondka,1939,M
lotfi_bouchnak,1952,M
mahdi_ayechi,1965,M
malek_eljaziri,1984,M
manel_amara,1981,F
maram_ben_aziza,1986,F
marwa_aguerbi,1986,F
marwa_amri,1989,F
master_sina,1988,M
maya,1979,F
migalou,1986,M
mohamed_ali_ben_jemaa,1970,M
mohamed_awset_ayari,1958,M
mohamed_gammoudi,1938,M
mohamed_sayyari,1957,M
mondher_ben_ammar,1917,M
mortadha,,M
mostfa_dallegi,1970,M
mouine_chaabani,1981,M
mouna_noureddin,1937,F
naiim_barhoumi,1980,M
najib_belkadhi,1972,M
nidhal_saadi,1988,M
nour_chiba,1980,M
nouri_bouzid,1945,M
olfa_hamdi,1984,F
ons_jaber,1994,M
oumayma_ben_hafseya,1993,F
oussema_mellouli,1984,M
psycho_m,1986,M
rached_ghanouchi,1941,M
radhi_jaidi,1975,M
rami_jridi,1984,M
raouf_ben_yaghlen,1950,M
saber_rebai,1967,M
safi_said,1953,M
saleh_mejri,1986,M
salma_mahjoubi,1995,F
samir_elwafi,1974,M
sanfara,1993,M
slah_mesbah,,M
sonia_dahmeni,1968,F
sonia_younsi,,F
walid_salhi,,M
yasmine_azaiez,1988,F
yosra_mahnouch,1987,F
yosra_mannai,,F
youssef_chahed,1975,M
youssef_msekni,1990,M
youssef_seddik,1943,M
